Title,Status,Category
A Little Nukey Hot Sauce,No,Hot Sauce
A Taste Of Thai Garlic Chili Pepper Sriracha Sauce,No,Hot Sauce
A. Smith Bowman Distillery Barrel-Aged Bourbon Hot Sauce,No,Hot Sauce
African Rhino Hot Peri-Peri Pepper Sauce,No,Hot Sauce
African Rhino Mild Peri-Peri Pepper Sauce,No,Hot Sauce
African Rhino Xtra Hot Peri-Peri Pepper Sauce,No,Hot Sauce
Alice Cooper Poison Reaper Hot Sauce,No,Hot Sauce
Anal Angst X-Hot Hot Sauce,No,Hot Sauce
ANALize This XXX Garlic Hot Sauce,No,Hot Sauce
Angry Cock Hot Sauce,No,Hot Sauce
Angry Goat Pepper Co. Black Bison Hot Sauce,No,Hot Sauce
Angry Goat Pepper Co. Dark Swizzle Hot Sauce,No,Hot Sauce
Angry Goat Pepper Co. Hippy Dippy Green Hot Sauce,No,Hot Sauce
Angry Goat Pepper Co. Pink Elephant Hot Sauce,No,Hot Sauce
Angry Goat Pepper Co. Purple Hippo Hot Sauce,No,Hot Sauce
Angry Goat Pepper Co. Red Armadillo Hot Sauce,No,Hot Sauce
Angry Goat Pepper Co. Sacrifice Hot Sauce,No,Hot Sauce
Angry Goat Pepper Co. The Phoenix Hot Sauce,No,Hot Sauce
Angry Goat Pepper Co. Yellow Flamingo Hot Sauce,No,Hot Sauce
Area 51 - The Hot Sauce That Doesn't Exist,No,Hot Sauce
1M Scoville Pepper Extract - Burn Sauces,Yes,Spicy Product
Burn Sauces Acute Burn Artifact with 1M Scoville Pepper Extract,Yes,Spicy Product
Burn Sauces Extreme Artifact with 3M Scoville Pepper Extract,Yes,Spicy Product
Burn Sauces Severe Burn Artifact with 2M Scoville Pepper Extract,Yes,Spicy Product
Belligerent Blaze Gourmet Habanero Hot Sauce,No,Spicy Product
Black Mamba Extreme Hot Sauce,No,Spicy Product
Black Mamba Get Bitten 6 Hot Sauce,No,Spicy Product
Butt Twister Hot Sauce,No,Spicy Product
CaBoom Gourmet Hot Sauce,No,Spicy Product
CaJohns Adam Hot Sauce,No,Spicy Product
CaJohns Apple Smoked Bourbon Chipotle Barbecue Sauce,No,Spicy Product
CaJohns Apple Smoked Spiced Rum Ancho Barbeque Sauce,No,Spicy Product
CaJohns Black Cherry Bourbon Barbecue Sauce,No,Spicy Product
CaJohns Black Cherry Vanilla Hot Sauce,No,Spicy Product
CaJohns Black Garlic Chipotle Hot Sauce,No,Spicy Product
Cajohns Black Garlic Ghost Hot Sauce,No,Spicy Product
CaJohns Bourbon Infused Chipotle Habanero Hot Sauce,No,Spicy Product
CaJohns Burning Desire CBD Hot Sauce,No,Spicy Product
Cajohns Cerberus Hot Sauce,No,Spicy Product
CaJohns Classic Carolina Reaper Pepper Sauce,No,Spicy Product
CaJohns Classic Cayenne Pepper Sauce,No,Spicy Product
Cajohns Classic Chile Lime Taco Sauce,No,Spicy Product
Cajohns Classic Chipotle Pepper Sauce,No,Spicy Product
Cholula Hot Sauce - Half Gallon,No,Spicy Product
Dave's Gourmet Ghost Pepper Gallon,No,Spicy Product
Dave's Gourmet Original Insanity Sauce Gallon,No,Spicy Product
Dave's Gourmet Ultimate Insanity Sauce Gallon,No,Spicy Product
Ass Kickin' Ass Blaster Hot Sauce Mini,No,Spicy Product
Ass Kickin' Cajun Hot Sauce Mini,No,Spicy Product
Ass Kickin' Original Hot Sauce Mini,No,Spicy Product
Ass Kickin' Roasted Garlic Hot Sauce Mini,No,Spicy Product
Ass Kickin' Wasabi Horseradish Hot Sauce Mini,No,Spicy Product
Cholula Original Hot Sauce Mini,No,Spicy Product
DISCONTINUED: Iguana Smoky Chipotle Hot Sauce Mini,No,Spicy Product
Gator Hammock Gator Sauce Mini,No,Spicy Product
Habanero Hot Sauce From Hell Devil's Revenge Mini,No,Spicy Product
Hot Sauce From Hell Mini,No,Spicy Product
Hottest Fuckin' Hot Sauce Mini,No,Spicy Product
Iguana Bold Gold Habanero Hot Sauce Mini,No,Spicy Product
Marie Sharp's Belizean Heat Habanero Hot Sauce Mini,No,Spicy Product
Marie Sharp's Beware Comatose Hot Sauce Mini,No,Spicy Product
Marie Sharp's Fiery Hot Habanero Pepper Sauce Mini,No,Spicy Product
Marie Sharp's Green Habanero Hot Sauce with Prickly Pears Mini,No,Spicy Product
Marie Sharp's Hot Habanero Pepper Sauce Mini,No,Spicy Product
Marie Sharp's Mild Habanero Pepper Sauce Mini,No,Spicy Product
Marie Sharp's Orange Pulp Habanero Hot Sauce Mini,No,Spicy Product
Spontaneous Combustion Hot Sauce Mini,No,Spicy Product
Cajohns Trouble Bubble Bubble Gum,Yes,Spicy Product
Crazy Jerry's Backfire XHot Oyster Sauce,No,Spicy Product
Crazy Jerry's Seafood and Everything Else Sauce,No,Spicy Product
Historic Lynchburg Tennessee Whiskey Jalapeno Cocktail Sauce,No,Spicy Product
Tobago Keys Coral Ridge Seafood Sauce,No,Spicy Product
Busha Browne's Spicy Jerk Sauce,Yes,Spicy Product
Busha Browne's Traditional Jerk Seasoning Rub,Yes,Spicy Product
Walkerswood Hot Jamaican Jerk Seasoning - 9.25lb,Yes,Spicy Product
Walkerswood Hot Jamaican Jerk Seasoning 10 oz.,Yes,Spicy Product
Walkerswood Las'Lick Jerk Sauce,Yes,Spicy Product
Walkerswood Mild Jerk Seasoning,Yes,Spicy Product
Walkerswood Spicy Jamaican Jerk Barbecue Sauce,Yes,Spicy Product
Anchor Bar Buffalo Wing Sauce Wing Kit,No,Spicy Product
Ass Kickin' Hot Sauce Mini 4 pack,No,Spicy Product
Blair's Death Sauce Mini 4 pack Gift Set,No,Spicy Product
Blair's Q Heat Exotic Mini Hot Sauce Gourmet 4 Pack Gift Set,No,Spicy Product
Dave's Gourmet Four Pack Super Hot,No,Spicy Product
DISCONTINUED: Ring of Fire Hot Sauce Gift Box,No,Spicy Product
Four Compartment Gift Box (empty),No,Spicy Product
Garlic-O-Holic Hot Sauce Gift Box,No,Spicy Product
Ghost Pepper Hot Sauce Gift Box,No,Spicy Product
Hot Ass Sauces Gift Box,No,Spicy Product
Hot Fuckin' Sauces Gift Box,No,Spicy Product
Kentucky Straight Bourbon Hot Sauce Box,No,Spicy Product
Melinda's 3 Pack Hot Sauce Gift Set,No,Spicy Product
No Survivors Hot Sauce Box,No,Spicy Product
See Dick Burn Hot Sauce Gift Box,No,Spicy Product
Shitty Hot Sauces Gift Box,No,Spicy Product
Xtreme Heat Mini Hot Sauce Four Pack,No,Spicy Product
Ass Blaster Chili,No,Spicy Product
Ass Kickin' Beef Jerky,No,Spicy Product
Ass Kickin' Beer Bread,No,Spicy Product
Ass Kickin' Chili Fixin's,No,Spicy Product
Ass Kickin' Chipotle Honey Peanuts,No,Spicy Product
Ass Kickin' Cornbread,No,Spicy Product
Ass Kickin' Habanero Microwave Popcorn,No,Spicy Product
Ass Kickin' Honey Roasted Peanuts,No,Spicy Product
Ass Kickin' Jelly Beans,No,Spicy Product
Ass Kickin' Microwave BBQ Popcorn,No,Spicy Product
Ass Kickin' Microwave Chili Lime Popcorn,No,Spicy Product
Ass Kickin' Microwave Sriracha Popcorn,No,Spicy Product
Ass Kickin' Peanuts,No,Spicy Product
Ass Kickin' Snack Mix,No,Spicy Product
Ass Kickin' Sriracha Peanuts,No,Spicy Product
Blair's Beef Jerky made with Original Death Sauce,No,Spicy Product
Blair's Beef Jerky made with Sudden Death Sauce,No,Spicy Product
Hottest Fuckin' Nuts,No,Spicy Product
Lil' Nitro Gummy Bear,No,Spicy Product
Pain is Good Ghost Pepper Nuts,No,Spicy Product
Carolina Reaper Flakes,Yes,Spicy Product
Carolina Reaper Pepper Mash,Yes,Spicy Product
Carolina Reaper Pods,Yes,Spicy Product
Carolina Reaper Powder,Yes,Spicy Product
Scorpion Pepper Mash Puree,Yes,Spicy Product
Habanero Bloody Mary from Hell Mix,No,Spicy Product
Iguana Bloody Mary Mix,No,Spicy Product
Wake the Fuck Up Original Coffee,No,Spicy Product
Crazy Jerry's Lizard Eyes Jalapeno Stuffed Olives,No,Spicy Product
Ghost Scream Chili Garlic Paste,No,Spicy Product
Torchbearer Oh My Garlic! Sauce,No,Spicy Product
Torchbearer Smokey Horseradish Sauce,No,Spicy Product
Crazy Jerry's Dude Ranch Durty Black Bean Dip,No,Spicy Product
Dip Shit for Fruit,No,Spicy Product
Dip Shit for Vegetables,No,Spicy Product
Ass Kickin' Original Salsa,No,Spicy Product
Ass Kickin' Roasted Green Chile and Tequila Salsa,No,Spicy Product
CaJohns Gourmet Cranberry Salsa,No,Spicy Product
CaJohns Gourmet Mango Burst Salsa,No,Spicy Product
Jack Ass Salsa with Heat Packet,No,Spicy Product
CaJohns Gourmet Peach Salsa,No,Spicy Product
CaJohns Gourmet Pineapple Salsa,No,Spicy Product
CaJohns Gourmet Raspberry Chipotle Salsa,No,Spicy Product
CaJohns Gourmet Raspberry Salsa,No,Spicy Product
CaJohns Reaper Super Hot Salsa,No,Spicy Product
CaJohns Trinidad Scorpion Salsa,No,Spicy Product
Da' Bomb Scorpion Garlic Salsa,No,Spicy Product
Discontinued: Pain is Good Batch #114 Salsa,No,Spicy Product
Crazy Jerry's Margarita Butt Burner Hot Salsa,No,Spicy Product
Crazy Jerry's Margarita No Sweat Mild Salsa,No,Spicy Product
Da' Bomb Ghost Pepper Salsa,No,Spicy Product
Da' Bomb Green Habanero Salsa Verde,No,Spicy Product
Jolokia Salsa 10,No,Spicy Product
Key West Key Lime Salsa,No,Spicy Product
Macioce's Mild Italian Salsa,No,Spicy Product
Dave's Gourmet Roasted Pepper and Chipotle Hot Sauce,No,Hot Sauce
Dave's Gourmet Scorpion Pepper Hot Sauce,No,Hot Sauce
Dave's Gourmet Scotch Bonnet Hot Sauce,No,Hot Sauce
Dave's Gourmet Temporary Insanity Hot Sauce,No,Hot Sauce
Dave's Gourmet Total Insanity Hot Sauce,No,Hot Sauce
Dave's Gourmet Ultimate Insanity Sauce,No,Hot Sauce
Day Of The Dead Hot Sauce with Skeleton Key Chain,No,Hot Sauce
Daytona Bike Week Hot Sauce,No,Hot Sauce
Deathwish Cayenne Hot Sauce,No,Hot Sauce
Deathwish Habanero Hot Sauce,No,Hot Sauce
Deathwish Red Jalapeno Hot Sauce,No,Hot Sauce
Delicious Suffering Hot Sauce,No,Hot Sauce
"Democrats, You're Fired Trump's 2016 Presidential Hot Sauce",No,Hot Sauce
"Democrats: We're not perfect, but They're Nuts! Democrats Hot Sauce",No,Hot Sauce
Devil's Bitch XXX Rated Hot Sauce,No,Hot Sauce
Dickhead Hot Sauce,No,Hot Sauce
Dirty Dick's Hot Pepper Sauce With a Tropical Twist,No,Hot Sauce
Dirty Dick's Peachy Green Hot Pepper Sauce,No,Hot Sauce
Discontinued: Cafe Tequila Citrus Habanero Hot Sauce,No,Hot Sauce
DISCONTINUED: Hot Spots Blaze Hot Sauce,No,Hot Sauce
Da' Bomb Beyond Insanity Hot Sauce,No,Hot Sauce
Da' Bomb Ghost Pepper Hot Sauce,No,Hot Sauce
Da' Bomb Ground Zero Hot Sauce,No,Hot Sauce
Da' Bomb The Final Answer Hot Sauce,No,Hot Sauce
Dark Side of the Pepper Chipotle Hot Sauce,No,Hot Sauce
Dat'l Do-it Datil Pepper Hot Sauce,No,Hot Sauce
Dat'l Do-It Devil Drops Hot Sauce,No,Hot Sauce
Dave's Gourmet Carolina Reaper Hot Sauce,No,Hot Sauce
Dave's Gourmet Cool Cayenne Pepper Hot Sauce,No,Hot Sauce
Dave's Gourmet Crazy Caribbean Hot Sauce,No,Hot Sauce
Dave's Gourmet Creamy Garlic Red Pepper Hot Sauce,No,Hot Sauce
Dave's Gourmet Creamy Ginger Citrus Hot Sauce,No,Hot Sauce
Dave's Gourmet Creamy Habanero Hot Sauce,No,Hot Sauce
Dave's Gourmet Creamy Roasted Jalapeno Hot Sauce,No,Hot Sauce
Dave's Gourmet Ghost Pepper Naga Jolokia Hot Sauce,No,Hot Sauce
Dave's Gourmet Ginger Peach Hot Sauce,No,Hot Sauce
Dave's Gourmet Hurtin' Habanero Hot Sauce,No,Hot Sauce
Dave's Gourmet Hurtin' Jalapeno Hot Sauce,No,Hot Sauce
Dave's Gourmet Insanity Hot Sauce,No,Hot Sauce
Dave's Gourmet Roasted Garlic Hot Sauce,No,Hot Sauce
Wanza's Wicked Temptation Hot Sauce,No,Spicy Product
Z Nothing Beyond Hot Sauce,No,Spicy Product
Jolokia BBQ 10,No,Spicy Product
Jolokia Mustard 10,No,Spicy Product
Jolokia Wing Sauce 10,No,Spicy Product
Kiss of Fire the Ultimate XXX Hot Sauce,No,Spicy Product
Krakatoa Hot Sauce,No,Spicy Product
Lethal Ingestion Jolokia Hot Sauce,No,Spicy Product
Liquid Stoopid Hot Sauce,No,Spicy Product
Magma Hot Sauce,No,Spicy Product
Mongoose Hot Sauce,No,Spicy Product
Moruga Madness Hot Sauce,No,Spicy Product
Nagasoreass Hot Sauce,No,Spicy Product
Oaxacan Hot Sauce,No,Spicy Product
Queen of Farts Hot Sauce,No,Spicy Product
Salsa Stoopid,No,Spicy Product
Sancto Scorpio Hot Sauce,No,Spicy Product
Sir Fartalot's Hot Sauce,No,Spicy Product
Tiki Bar Hotter Hot Sauce,No,Spicy Product
Vicious Viper Hot Sauce,No,Spicy Product
CaJohns Smoked Tequila Lime Chile Barbeque Sauce,No,Spicy Product
CaJohns Trinidad Scorpion BBQ Sauce,No,Spicy Product
CaJohns Trinidad Scorpion Hot Sauce,No,Spicy Product
CaJohns Trinidad Scorpion Puree,No,Spicy Product
CaJohns Wild Mushroom Hot Sauce,No,Spicy Product
Calavera Hot Sauce,No,Spicy Product
DISCONTINUED: Hot Spots Chief Smoky Hot Sauce,No,Spicy Product
DISCONTINUED: Hot Spots Fireball Hot Sauce,No,Spicy Product
DISCONTINUED: Hot Spots Flame Hot Sauce,No,Spicy Product
Fatali Fire Hot Sauce,No,Spicy Product
Frostbite Hot Sauce,No,Spicy Product
Happy Beaver Hot Sauce,No,Spicy Product
Holy Jolokia Hot Sauce,No,Spicy Product
Irish Scream Hot Sauce,No,Spicy Product
Jolokia 10 Hot Sauce,No,Spicy Product
Jolokia 10 Rub,No,Spicy Product
Jolokia 10 Spice,No,Spicy Product
CaJohns Pineapple Kush CBD Hot Sauce,No,Spicy Product
CaJohns Quetzalcoatl Ghost Chile Hot Sauce,No,Spicy Product
CaJohns Reaper Puree,No,Spicy Product
CaJohn's Reaper Sling Blade Hot Sauce,No,Spicy Product
CaJohns Rougaroux Hot Sauce,No,Spicy Product
CaJohns Select Cayenne Puree,No,Spicy Product
CaJohns Select Chipotle Puree,No,Spicy Product
CaJohns Select Fatali Puree,No,Spicy Product
CaJohns Select Jalapeno Puree,No,Spicy Product
CaJohns Select Orange Habanero Puree,No,Spicy Product
CaJohns Select Red Savina Puree,No,Spicy Product
CaJohns Select Serrano Puree,No,Spicy Product
CaJohns Serrano Lime Hot Sauce,No,Spicy Product
CaJohns Small Batch Garlic Cayenne Pepper Sauce,No,Spicy Product
CaJohns Small Batch Garlic Ghost Pepper Sauce,No,Spicy Product
CaJohns Small Batch Garlic Habanero Pepper Sauce,No,Spicy Product
CaJohns Small Batch Garlic Jalapeno Pepper Sauce,No,Spicy Product
CaJohns Small Batch Garlic Trinidad Scorpion Pepper Sauce,No,Spicy Product
CaJohns Smoked Raspberry Vodka New-Mex Barbeque Sauce,No,Spicy Product
CaJohns El Chupacabra Hot Sauce,No,Spicy Product
CaJohns Classic Chipotle Taco Sauce,No,Spicy Product
CaJohns Classic Ghost Chile Pepper Sauce,No,Spicy Product
Cajohns Classic Habanero Pepper Sauce,No,Spicy Product
CaJohns Classic Serrano Pepper Sauce,No,Spicy Product
CaJohns Classic Trinidad Scorpion Pepper Sauce,No,Spicy Product
CaJohns Eve Hot Sauce,No,Spicy Product
CaJohns Leviathan Hot Sauce,No,Spicy Product
CaJohns Maui Wowie Green Reaper CBD Hot Sauce,No,Spicy Product
CaJohns Hydra 7-Pot Primo Hot Sauce,No,Spicy Product
CaJohns Jolokia Puree,No,Spicy Product
CaJohns Killer Chipotle Hot Sauce,No,Spicy Product
CaJohn's La Segadora Reaper Hot Sauce,No,Spicy Product
CaJohns OG Red Reaper CBD Hot Sauce,No,Spicy Product
Cheap Thrill Jalapeno Hot Sauce,No,Hot Sauce
Chile Dawg Hot Pepper Sauce,No,Hot Sauce
Chilehead's Cayenne Hot Sauce,No,Hot Sauce
Chilehead's Chipotle Hot Sauce,No,Hot Sauce
Chilehead's Garlic Habanero Hot Sauce,No,Hot Sauce
Chilehead's Habanero Hot Sauce,No,Hot Sauce
Chilehead's Jalapeno Hot Sauce,No,Hot Sauce
Chipotle Del Sol Smokin' Hot Sauce,No,Hot Sauce
Choke Your Chicken Garlic Hot Sauce with Chicken Keychain,No,Hot Sauce
Cholula Chile Garlic Hot Sauce,No,Hot Sauce
Cholula Chili Lime Hot Sauce,No,Hot Sauce
Cholula Chipotle Hot Sauce,No,Hot Sauce
Cholula Green Pepper Hot Sauce,No,Hot Sauce
Cholula Hot Sauce - 12oz,No,Hot Sauce
Cholula Hot Sauce - 5oz,No,Hot Sauce
Chopper Chile Habanero Hot Sauce,No,Hot Sauce
Colon Blow Hot Sauce,No,Hot Sauce
Colon Cleaner Hot Sauce,No,Hot Sauce
Crazy Jerry's Brain Damage Mind Blowin Hot Sauce,No,Hot Sauce
Crazy Jerry's Mustard Gas Hot Sauce,No,Hot Sauce
Cajun Power Garlic Hot Sauce,No,Hot Sauce
Cajun Power Spicy Garlic All Purpose Sauce,No,Hot Sauce
Cajun Power Spicy Garlic Pepper Sauce,No,Hot Sauce
Camel Toe Hot Sauce,No,Hot Sauce
Cheap Thrill Cayenne Hot Sauce,No,Hot Sauce
Cheap Thrill Chipotle Hot Sauce,No,Hot Sauce
Cheap Thrill Garlic Habanero Hot Sauce,No,Hot Sauce
Cheap Thrill Habanero Hot Sauce,No,Hot Sauce
Spontaneous Combustion Ghost Pepper Microwave Popcorn,No,Spicy Product
Tabasco Cinnamon Flavored Lollipop,No,Spicy Product
The Toe of Satan,No,Spicy Product
Whoop Ass Chili Mix,No,Spicy Product
CaJohns Hot Pickle Sauce,No,Hot Sauce
Busha Browne's Pukka Hot Pepper Sauce,No,Hot Sauce
Butt Pucker XX Hot Sauce,No,Hot Sauce
Blind Betty's Original Hot Sauce,No,Hot Sauce
Blind Betty's Pineapple Pizzazz Hot Sauce,No,Hot Sauce
Blowout Habanero Hot Sauce,No,Hot Sauce
Blue Bayou Louisiana Pepper Sauce,No,Hot Sauce
Body Heat XXX Hot Sauce,No,Hot Sauce
Bone Suckin' Hiccuppin' Hot Sauce,No,Hot Sauce
Boyle's Irish Scream Hot Sauce,No,Hot Sauce
Brand New Asshole Hot Sauce,No,Hot Sauce
Bravado Spice Co. Crimson Hot Sauce,No,Hot Sauce
Bravado Spice Co. Garlic and Arbol Moruga Scorpion Hot Sauce,No,Hot Sauce
Bravado Spice Co. Ghost Pepper & Blueberry Hot Sauce,No,Hot Sauce
Bravado Spice Co. Pineapple & Habanero Hot Sauce,No,Hot Sauce
Bravado Spice Co. Serrano & Basil Hot Sauce,No,Hot Sauce
Brenda's Booty Burner Hot Sauce,No,Hot Sauce
Buhba's Butt Blaster X-Hot Sauce,No,Hot Sauce
Bumblefoot's Bumblicious! Hot Sauce,No,Hot Sauce
Bumblefoot's The Sauce,No,Hot Sauce
Betty Hops Pale Ale Chipotle Hot Sauce,No,Hot Sauce
Big Dicks Hot Sauce fw-4,No,Hot Sauce
Blair's 2AM Reserve Pepper Extract,No,Hot Sauce
Blair's 3AM Reserve Pepper Extract,No,Hot Sauce
Blair's After Death Hot Sauce,No,Hot Sauce
Blair's Golden Death with Chipotle Hot Sauce,No,Hot Sauce
Blair's Heat Habanero Mango Hot Sauce,No,Hot Sauce
Blair's Jalapeno Death Hot Sauce,No,Hot Sauce
Blair's Mega Death Hot Sauce,No,Hot Sauce
Blair's Original Death Hot Sauce,No,Hot Sauce
Blair's Pure Death Hot Sauce with Jolokia,No,Hot Sauce
Blair's Salsa De La Muerte con Chipotle Hot Sauce,No,Hot Sauce
Blair's Sudden Death Hot Sauce,No,Hot Sauce
Blair's Sweet Death Hot Sauce,No,Hot Sauce
Blair's Ultra Death Sauce,No,Hot Sauce
Bless Your Heart Hot Sauce,No,Hot Sauce
Blind Betty's Blind in the Rind Hot Sauce,No,Hot Sauce
Ass Kickin' Sriracha Hot Sauce,No,Hot Sauce
Ass Kickin' Wasabi Horseradish Hot Sauce,No,Hot Sauce
Ass Reaper Hot Sauce with Skull Cap and Cape,No,Hot Sauce
Assplosion Hot Sauce,No,Hot Sauce
Backdraft Hot Sauce,No,Hot Sauce
Backfire Peppa Sauce,No,Hot Sauce
Bacon Hot Sauce,No,Hot Sauce
Bad to the Bone Hot Sauce,No,Hot Sauce
Bayou Blow Torch Hot Sauce,No,Hot Sauce
Bayou Butt Burner Louisiana Pepper Sauce,No,Hot Sauce
Bayou Fireballs Hot Sauce,No,Hot Sauce
Bayou Love Potion Number 9 Louisiana Peppa Sauce,No,Hot Sauce
Bayou Passion Hot Sauce,No,Hot Sauce
Bayou Pecker Power Hot Sauce,No,Hot Sauce
Bee Sting Honey n' Habanero Hot Sauce,No,Hot Sauce
Bee Sting Mango Passion Peppa Sauce,No,Hot Sauce
Bee Sting Pineapple Guava Pepper Sauce,No,Hot Sauce
Bee Sting Quasi Thai Sriracha Chili Sauce,No,Hot Sauce
Bee Sting Rainforest Honey Mustard Hot Sauce,No,Hot Sauce
Bee Sting Thai Sting Sweet Chili Sauce,No,Hot Sauce
Pain is Good Batch #218 Salsa,No,Spicy Product
Pain is Good Batch #37 Salsa,No,Spicy Product
Peach 'N Pepper Gourmet Salsa,No,Spicy Product
Screaming Sphincter Habanero Salsa,No,Spicy Product
Smoky Iguana Chipotle Salsa,No,Spicy Product
Tahiti Joe's Maui Pepper Hot Pineapple Sunset Salsa,No,Spicy Product
Tahiti Joe's Maui Pepper Medium Pineapple Sunset Salsa,No,Spicy Product
Melinda's Extra Hot Habanero Sauce,No,Hot Sauce
Melinda's Garlic Habanero Hot Sauce,No,Hot Sauce
Melinda's Jalapeno Pepper Hot Sauce,No,Hot Sauce
Melinda's Mango Hot Sauce,No,Hot Sauce
Melinda's Naga Jolokia Pepper Sauce,No,Hot Sauce
Melinda's Original Habanero Pepper Sauce,No,Hot Sauce
Melinda's Red Savina Hot Sauce,No,Hot Sauce
Melinda's Scorpion Hot Sauce,No,Hot Sauce
Melinda's Scotch Bonnet Hot Sauce,No,Hot Sauce
Melinda's XXXtra Hot Habanero Sauce,No,Hot Sauce
Melinda's XXXXtra Hot Habanero Sauce,No,Hot Sauce
Merry Christmas Hot Sauce,No,Hot Sauce
Merry Fuckin' Christmas Hot Sauce,No,Hot Sauce
Moonshine Madness Hot Sauce,No,Hot Sauce
Most Wanted Pain is Good Chipotle Hot Sauce,No,Hot Sauce
Most Wanted Pain is Good Habanero Hot Sauce,No,Hot Sauce
Most Wanted Pain is Good Jalapeno Hot Sauce,No,Hot Sauce
Mountain Man Chipotle Hot Sauce,No,Hot Sauce
Mad Cat Hot Sauce,No,Hot Sauce
Make America HATE Again Habanero Hot Sauce,No,Hot Sauce
Marie Sharp's Belizean Heat Habanero Hot Sauce 10 fl.oz.,No,Hot Sauce
Marie Sharp's Belizean Heat Habanero Hot Sauce 5 fl.oz.,No,Hot Sauce
Marie Sharp's Beware Comatose Hot Sauce 5 fl.oz.,No,Hot Sauce
Marie Sharp's Beware Comotose Hot Sauce 10 fl.oz.,No,Hot Sauce
Marie Sharp's Fiery Hot Habanero Hot Sauce 10 fl.oz.,No,Hot Sauce
Marie Sharp's Fiery Hot Habanero Hot Sauce 5 fl.oz.,No,Hot Sauce
Marie Sharp's Grapefruit Pulp Habanero Hot Sauce,No,Hot Sauce
Marie Sharp's Green Habanero Hot Sauce with Prickly Pear 10 fl.oz.,No,Hot Sauce
Marie Sharp's Green Habanero Hot Sauce with Prickly Pears 5 fl.oz.,No,Hot Sauce
Marie Sharp's Hot Habanero Hot Sauce 10 fl.oz.,No,Hot Sauce
Marie Sharp's Hot Habanero Hot Sauce 5 fl.oz.,No,Hot Sauce
Marie Sharp's Mild Habanero Pepper Sauce,No,Hot Sauce
Marie Sharp's Mild Habanero Pepper Sauce 10oz,No,Hot Sauce
Marie Sharp's No Wimps Allowed Hot Sauce,No,Hot Sauce
Marie Sharp's Orange Pulp Habanero Hot Sauce,No,Hot Sauce
Marie Sharp's Pure Love Pineapple Habanero Pepper Sauce,No,Hot Sauce
Marie Sharp's Pure Mango Habanero Pepper Sauce,No,Hot Sauce
Marie Sharp's Red Hornet Hot Sauce,No,Hot Sauce
Marie Sharp's Smoked Habanero Pepper Sauce,No,Hot Sauce
Marie Sharp's Smokin' Marie Pepper Sauce,No,Hot Sauce
Marie Sharp's Sweet Habanero Pepper Sauce,No,Hot Sauce
Marines Semper Fi Hot Sauce,No,Hot Sauce
Matouk's Calypso Sauce Hot Sauce,No,Hot Sauce
Matouk's Salsa Picante Hot Pepper Sauce,No,Hot Sauce
Matouk's Soca Hot Sauce,No,Hot Sauce
Matouk's Trinidad Scorpion Pepper Sauce,No,Hot Sauce
Matouk's West Indian Flambeau Sauce Hot Sauce,No,Hot Sauce
Matouk's West Indian Salsa Picante Hot Sauce,No,Hot Sauce
Maui Pepper Apples Ass Hot Sauce,No,Hot Sauce
Maui Pepper Chipotle Raspberry Mango Hot Sauce,No,Hot Sauce
Maui Pepper Mango Meltdown Hot Sauce,No,Hot Sauce
Maui Pepper Mango Meltdown Xtreme Heat Hot Sauce,No,Hot Sauce
Maui Pepper Mangonesian Hot Sauce,No,Hot Sauce
Mean Green Motherfucker Hot Sauce,No,Hot Sauce
Megasoreass Hot Sauce,No,Hot Sauce
Melinda's Amarillo Hot Mustard Pepper Sauce,No,Hot Sauce
Melinda's Chipotle Pepper Sauce,No,Hot Sauce
Iguana XXX Habanero Pepper Hot Sauce,No,Hot Sauce
Keep Calm And Pour More Cayenne On Hot Sauce,No,Hot Sauce
Keep Calm And Pour More Chipotle On Hot Sauce,No,Hot Sauce
Keep Calm And Pour More Habanero On Hot Sauce,No,Hot Sauce
Kentucky Straight Bourbon Ghost Pepper Hot Sauce,No,Hot Sauce
Kentucky Straight Bourbon Habanero Hot Sauce,No,Hot Sauce
Kentucky Straight Bourbon Jalapeno Hot Sauce,No,Hot Sauce
Kentucky Straight Bourbon Reaper Pepper Hot Sauce,No,Hot Sauce
Key West Key Lime Hot Sauce,No,Hot Sauce
Larry's Hot Pussy Juice Hot Sauce,No,Hot Sauce
Lilly Lager Pilsner Hot Sauce,No,Hot Sauce
Lottie's Original Barbados Red Hot Pepper Sauce,No,Hot Sauce
Lottie's Traditional Barbados Yellow Hot Pepper Sauce,No,Hot Sauce
Love Trumps Hate Habanero Hot Sauce,No,Hot Sauce
Hog's Breath Red Hot Sauce,No,Hot Sauce
Hot N' Horny Hot Sauce,No,Hot Sauce
Hotsy Totsy XXX Rated Hot Sauce,No,Hot Sauce
Hottest Fuckin' Sauce,No,Hot Sauce
Howler Monkey Sauce - Amarillo,No,Hot Sauce
Howler Monkey Sauce - Hot,No,Hot Sauce
Howler Monkey Sauce - Original,No,Hot Sauce
Howler Monkey Verde Hot Sauce,No,Hot Sauce
I am Sofa King Stew Ped Hot Sauce,No,Hot Sauce
Iguana En Fuego Ultra Hot Pepper Sauce,No,Hot Sauce
Iguana Gold Island Pepper Hot Sauce,No,Hot Sauce
Iguana Mean Green Jalapeno Hot Sauce,No,Hot Sauce
Iguana Radioactive Atomic Pepper Hot Sauce,No,Hot Sauce
Iguana Red Hot Sauce,No,Hot Sauce
Iguana Tropic Thunder Red Jalapeno and Habanero Tropical Pepper Sauce,No,Hot Sauce
Ho Lee Chit Sriracha Hot Sauce,No,Hot Sauce
Hog's Ass Garlic Habanero Hot Sauce,No,Hot Sauce
Hog's Breath Green Hot Sauce,No,Hot Sauce
Hog's Breath Hot - Hot Sauce,No,Hot Sauce
Hellfire Blueberry Hell Hot Sauce ,No,Hot Sauce
Hellfire Chilimasters Reserve Hot Sauce,No,Hot Sauce
Hellfire Devil's Gold Hot Sauce,No,Hot Sauce
Hellfire Evil Bastard Hot Sauce,No,Hot Sauce
Hellfire Fear This! Reaper Hot Sauce,No,Hot Sauce
Hellfire Fiery Fool Hot Sauce,No,Hot Sauce
Hellfire Gourmet Red Hot Sauce,No,Hot Sauce
Hellfire Hot Sauces Sauceress's Private Reserve,No,Hot Sauce
Hellfire Pure Hell Hot Sauce,No,Hot Sauce
Hellfire The Elixir Hot Sauce,No,Hot Sauce
Hellhound Ghost Pepper Hot Sauce,No,Hot Sauce
Hemorrhoid Helper Hot Sauce,No,Hot Sauce
High River Sauces Cheeba Gold Barbados Style Scotch Bonnet Pepper Sauce,No,Hot Sauce
High River Sauces Foo Foo Mama Choo Hot Sauce,No,Hot Sauce
High River Sauces Grapes of Wrath Hot Sauce,No,Hot Sauce
High River Sauces Hellacious Hot Sauce,No,Hot Sauce
High River Sauces Rogue Hot Sauce,No,Hot Sauce
High River Sauces Tears of the Sun Hot Sauce,No,Hot Sauce
Historic Lynchburg Tennessee Whiskey Habanero Hot Sauce,No,Hot Sauce
Historic Lynchburg Tennessee Whiskey Jalapeno Hot Sauce,No,Hot Sauce
Ghost Scream Hot Sauce ,No,Hot Sauce
Green Ghost Hot Sauce,No,Hot Sauce
Habanero Hot Sauce From Hell,No,Hot Sauce
Habanero Hot Sauce From Hell - Devil's Revenge,No,Hot Sauce
Haboob Heat Hot Sauce,No,Hot Sauce
Heartbeat Red Habanero Hot Sauce,No,Hot Sauce
Heartbreaking Dawn's 1498 Trinidad Scorpion Hot Sauce,No,Hot Sauce
Heartbreaking Dawn's 1542 Southwestern Habanero Hot Sauce,No,Hot Sauce
Heartbreaking Dawn's 1841 Ghost Pepper Hot Sauce,No,Hot Sauce
Heartbreaking Dawn's Cauterizer Trinidad Scorpion Hot Sauce,No,Hot Sauce
Heartbreaking Dawn's Classic Gold Hot Sauce,No,Hot Sauce
Heartbreaking Dawn's Fervor Reaper Chile Hot Sauce,No,Hot Sauce
Heartbreaking Dawn's Jalapeno Pineapple Hot Sauce,No,Hot Sauce
Heartbreaking Dawn's Mango Habanero Hot Sauce,No,Hot Sauce
Heartbreaking Dawn's Papa Boi Caribbean Scotch Bonnet Sauce,No,Hot Sauce
Heartbreaking Dawn's Reapercussion,No,Hot Sauce
Heartbreaking Dawn's Riff Lord Red Jalapeno Bread & Butter Hot Sauce,No,Hot Sauce
Heartbreaking Dawn's Skylarking Anytime Sauce,No,Hot Sauce
Heartbreaking Dawn's The Green Verde Hot Sauce,No,Hot Sauce
Fat Cat Siamese Sriracha Sauce,No,Hot Sauce
Fat Cat Strawberry Serrano Hot Sauce,No,Hot Sauce
Fat Cat Surprisingly Mild Guajillo Ghost Hot Sauce,No,Hot Sauce
Fear Hot Sauce,No,Hot Sauce
Fiery Fart Hot Sauce,No,Hot Sauce
Fighting Cock Hot Sauce,No,Hot Sauce
Final Fear Hot Sauce,No,Hot Sauce
Fire Ant Juice Gourmet Hot Sauce,No,Hot Sauce
First Responder's EMS Hot Sauce,No,Hot Sauce
First Responder's Firefighter Hot Sauce,No,Hot Sauce
First Responder's Police Hot Sauce,No,Hot Sauce
Flamin' Flatulence X-Hot Sauce,No,Hot Sauce
Frosty's Demise Habanero Hot Sauce,No,Hot Sauce
Funky Monkey Banana Rum Pepper Sauce,No,Hot Sauce
Gator Hammock Gator Sauce,No,Hot Sauce
Gator Hammock Lethal Gator Hot Sauce,No,Hot Sauce
Gator Hammock Swamp Gator Hot Sauce,No,Hot Sauce
Georgia Peach and Vidalia Onion Hot Sauce,No,Hot Sauce
ELijah's Xtreme Ghost Pepper Sauce,No,Hot Sauce
ELijah's Xtreme Reaper Sauce,No,Hot Sauce
Elvis All Shook Up Hot Sauce,No,Hot Sauce
Elvis Burning Love Hot Sauce,No,Hot Sauce
Elvis Don't Be Cruel Hot Sauce,No,Hot Sauce
Elvis T-R-O-U-B-L-E Hot Sauce,No,Hot Sauce
Endorphin Rush Beyond Hot Sauce,No,Hot Sauce
Enjoy Cock Hot Sauce,No,Hot Sauce
Fanny Fart Hot Sauce,No,Hot Sauce
Fat Cat Bacon Flavored Sriracha Sauce,No,Hot Sauce
Fat Cat Caribbean Curry Hot Sauce,No,Hot Sauce
Fat Cat Cat in Heat: Chipotle Ghost Pepper Blend Hot Sauce,No,Hot Sauce
Fat Cat Chairman Meow's Revenge Scorpion Pepper Sauce,No,Hot Sauce
Fat Cat Everyday Green Jalapeno Hot Sauce,No,Hot Sauce
Fat Cat Everyday Red Jalapeno Hot Sauce,No,Hot Sauce
Fat Cat Hiss-y Fit Carolina Reaper Hot Sauce,No,Hot Sauce
Fat Cat Mexican Style Habanero Hot Sauce,No,Hot Sauce
Fat Cat Papaya Pequin Passion Hot Sauce,No,Hot Sauce
Fat Cat Peach Maple Bourbon Hot Sauce and Glaze,No,Hot Sauce
Fat Cat Purry-Purry Hot Sauce,No,Hot Sauce
Discontinued: Hula Lani Chipotle Habanero Hot Sauce,No,Hot Sauce
DISCONTINUED: Sharkbite Green Jalapeno Hot Sauce,No,Hot Sauce
Don't Be A Chicken Shit Hot Sauce,No,Hot Sauce
"Don't Fuck with Me, I'm Hot Extract Sauce",No,Hot Sauce
Dr. Assburn's Fire Roasted Habanero Pepper Sauce,No,Hot Sauce
Dr. Assburn's Fresh Crushed Jalapeno Pepper Sauce,No,Hot Sauce
Dumb Ass Hot Sauce,No,Hot Sauce
Dump Trump Habanero Hot Sauce,No,Hot Sauce
El Yucateco Black Label Reserve Chile Habanero ,No,Hot Sauce
El Yucateco Caribbean Hot Sauce,No,Hot Sauce
El Yucateco Chipotle Hot Sauce,No,Hot Sauce
El Yucateco Green Hot Sauce - 4 oz.,No,Hot Sauce
El Yucateco Green Hot Sauce - 8 oz.,No,Hot Sauce
El Yucateco Jalapeno Hot Sauce,No,Hot Sauce
El Yucateco Red Hot Sauce - 4 oz.,No,Hot Sauce
El Yucateco Red Hot Sauce - 8 oz.,No,Hot Sauce
El Yucateco XXXtra Hot Habanero Hot Sauce,No,Hot Sauce
Arizona Gunslinger Smokin' Hot Red Jalapeno Pepper Sauce,No,Hot Sauce
Army Strong Hot Sauce,No,Hot Sauce
Ass Blaster Collector's Hot Sauce with Wooden Outhouse,No,Hot Sauce
Ass Blaster Hot Sauce,No,Hot Sauce
Ass Gas Hot Sauce,No,Hot Sauce
Ass in Antarctica Hot Sauce,No,Hot Sauce
Ass in Hell Hot Sauce,No,Hot Sauce
Ass In Space Hot Sauce,No,Hot Sauce
Ass in the E.R. Scorpion Pepper Sauce,No,Hot Sauce
Ass in the Tub Ghost Pepper Sauce,No,Hot Sauce
Ass in the Tub Hot Sauce,No,Hot Sauce
Ass in the Tub Special Reserve Armageddon Hot Sauce,No,Hot Sauce
Ass Kickin' Cajun Hot Sauce,No,Hot Sauce
Ass Kickin' Carolina Reaper Hot Sauce,No,Hot Sauce
Ass Kickin' Chile Lime Hot Sauce,No,Hot Sauce
Ass Kickin' Ghost Pepper Hot Sauce,No,Hot Sauce
Ass Kickin' Moonshine Mash Hot Sauce,No,Hot Sauce
Ass Kickin' Original Hot Sauce,No,Hot Sauce
Ass Kickin' Roasted Garlic Hot Sauce,No,Hot Sauce
Ass Kickin' Scorpion Pepper Hot Sauce,No,Hot Sauce
Walkerswood Jonkanoo Jamaican Hot Pepper Sauce,No,Hot Sauce
Walkerswood One Stop Savory Hot Sauce,No,Hot Sauce
Walkerswood Scotch Bonnet Hot Sauce,No,Hot Sauce
Weed Killer Hot Sauce,No,Hot Sauce
West African VooDoo Juice Hot Sauce ,No,Hot Sauce
Wet Fart XX Hot Hot Sauce,No,Hot Sauce
White Zombie Hot Sauce,No,Hot Sauce
Widow No Survivors Hot Sauce with Spider,No,Hot Sauce
Wimp Retardant X-Hot Sauce,No,Hot Sauce
Xtreme Hot Sauce,No,Hot Sauce
XXXtreme Damage Hot Sauce,No,Hot Sauce
Torchbearer All Natural #37 Tarnation Hot Sauce,No,Hot Sauce
Torchbearer All Natural #7 Sultry Hot Sauce,No,Hot Sauce
Torchbearer Slaughter Hot Sauce,No,Hot Sauce
Torchbearer The Rapture Hot Sauce,No,Hot Sauce
Torchbearer Ultimate Annihilation Sauce,No,Hot Sauce
Torchbearer Zombie Apocalypse Hot Sauce,No,Hot Sauce
Toxic Waste Extract Hot Sauce,No,Hot Sauce
Trailer Trash Cayenne Pepper Hot Sauce,No,Hot Sauce
Trinidad Caribbean Medium Hot Sauce,No,Hot Sauce
Trinidad Extra Hot Habanero Pepper Sauce,No,Hot Sauce
Trinidad Habanero Hot Pepper Sauce,No,Hot Sauce
Trinidad Mild Habanero Pepper Sauce,No,Hot Sauce
Trump That Bitch Presidential Hot Sauce,No,Hot Sauce
Venom Xtreme Hot Sauce,No,Hot Sauce
Veronica Grains Serrano Hot Sauce,No,Hot Sauce
Virginia Gentleman Bourbon Chipotle Hot Sauce,No,Hot Sauce
The Ghost Hot Sauce,No,Hot Sauce
The Source 7.1 Million Scoville Units Pepper Extract,No,Hot Sauce
Squirt XX Hot Sauce,No,Hot Sauce
Stinger 2 Million SVU Scorpion Pepper Sauce,No,Hot Sauce
Sturgis Hot Sauce,No,Hot Sauce
Sweet Cajun Fire Hot Sauce,No,Hot Sauce
Tahiti Joe's Ahi Of Kahuna XX Hot Sauce,No,Hot Sauce
Tahiti Joe's Biker Bitch Hot and Wild Hot Sauce,No,Hot Sauce
Tahiti Joe's Buttplug Relief Extra Hot Sauce,No,Hot Sauce
Tahiti Joe's Killer Garlic Hot Sauce,No,Hot Sauce
Tahiti Joe's Onionator XXX Ghost Pepper,No,Hot Sauce
Tahiti Joe's Polynesian Hot Sauce,No,Hot Sauce
Tahiti Joe's Tropi-Garlic Hot Sauce,No,Hot Sauce
Tahiti Joe's Volcano Ahi Hot Sauce,No,Hot Sauce
Tears of Joy Tequila Lime Hot Sauce,No,Hot Sauce
Texas Pete Hot Sauce,No,Hot Sauce
Thai Monkey Hot Sauce,No,Hot Sauce
The Beast Hot Sauce,No,Hot Sauce
The Big Hot One Hot Sauce,No,Hot Sauce
The Cheech Gnarly Garlic Habanero Hot Sauce,No,Hot Sauce
The Cheech Mojo Mango Habanero Hot Sauce,No,Hot Sauce
The Cheech Smokin' Chipotle Hot Sauce,No,Hot Sauce
Screw Republicans Hot Sauce,No,Hot Sauce
Seasons Greetings Hot Sauce,No,Hot Sauce
See Dick Burn Hot Sauce,No,Hot Sauce
See Jane on Fire Hot Sauce,No,Hot Sauce
See Spot in Heat Hot Sauce,No,Hot Sauce
Shove Gun Control Up Your ASS Hot Sauce,No,Hot Sauce
Show Your Tits Hot Sauce,No,Hot Sauce
Slap Ya Mama Cajun Pepper Sauce,No,Hot Sauce
Slap Your Mama Hot Sauce,No,Hot Sauce
Slap Your Mama Red Edition Hot Sauce,No,Hot Sauce
Smack My Ass and Call Me Sally Habanero Hot Sauce,No,Hot Sauce
Smack My Ass and Call Me Sally Hot Sauce Slap Heard Around the World Hot Sauce,No,Hot Sauce
Smack My Ass and Call Me Sally Jalapeno Hot Sauce,No,Hot Sauce
Smack My Sweet Ass and Call Me Sally Hot Sauce,No,Hot Sauce
Smart Ass Hot Sauce,No,Hot Sauce
Smoky Iguana Chipotle Pepper Sauce,No,Hot Sauce
Sphincter Shrinker XXX Hot Sauce,No,Hot Sauce
Spontaneous Combustion Hot Sauce,No,Hot Sauce
Squeal Like A Pig Hillbilly Hot Sauce,No,Hot Sauce
Salvation Sauce Cajun Cayenne with mini Bible,No,Hot Sauce
Salvation Sauce Caribbean Lime Hot Sauce,No,Hot Sauce
Salvation Sauce Chipotle Hot Sauce,No,Hot Sauce
Salvation Sauce Garlic Serrano with mini Bible,No,Hot Sauce
Salvation Sauce Holy Ghost Hot Sauce with mini Bible,No,Hot Sauce
Salvation Sauce Mango Pineapple Hot Sauce,No,Hot Sauce
Salvation Sauce Red Habanero with mini Bible,No,Hot Sauce
Santa Baby Hot Sauce,No,Hot Sauce
Santa's Smokin' Chimney Red Habanero Hot Sauce,No,Hot Sauce
Satan's Blood Pepper Extract,No,Hot Sauce
Satan's Ghost Hot Sauce,No,Hot Sauce
Satan's Rage Pepper Sauce,No,Hot Sauce
Scorned Woman Hot Sauce,No,Hot Sauce
Scorpion Hot Sauce,No,Hot Sauce
Scorpion Hot Sauce w/Real Scorpion Meat,No,Hot Sauce
Screaming Sphincter Cayenne Pepper Hot Sauce,No,Hot Sauce
Screaming Sphincter Habanero Pepper Sauce,No,Hot Sauce
Screaming Sphincter Jalapeno Pepper Sauce,No,Hot Sauce
Screw Democrats Hot Sauce,No,Hot Sauce
Pure Cap Pepper Extract,No,Hot Sauce
Pure Habanero Red Savina Gourmet Pepper Hot Sauce,No,Hot Sauce
Pure Poison Hot Sauce,No,Hot Sauce
Pyro-mania Hot Sauce,No,Hot Sauce
Raised Right Republican Hot Sauce,No,Hot Sauce
Reaper Hot Sauce,No,Hot Sauce
Rebel Yell Redneck Hot Sauce,No,Hot Sauce
Rectal Rocket Fuel Island Jerk Hot Sauce,No,Hot Sauce
Rectum Ripper XXX1/2 Hot Sauce,No,Hot Sauce
Red Ghost Hot Sauce,No,Hot Sauce
Red Hot Mama Hot Sauce,No,Hot Sauce
Red Rectum Hot Sauce,No,Hot Sauce
Red Rectum Revenge Hot Sauce,No,Hot Sauce
Ring of Fire Chipotle Garlic Hot Sauce,No,Hot Sauce
Ring of Fire Garden Fresh Chile Sauce Hot Sauce,No,Hot Sauce
Ring of Fire Original Hot Sauce,No,Hot Sauce
Ring of Fire Red Pepper & Roasted Garlic Hot Sauce,No,Hot Sauce
Ring of Fire XX-Hot Habanero Hot Sauce,No,Hot Sauce
Rudolph the Red-Assed Reindeer Cajun Hot Sauce,No,Hot Sauce
Pain is Good Habanero Sambal Hot Sauce,No,Hot Sauce
Pain is Good Harissa Hot Sauce,No,Hot Sauce
Pain is Good Maruga-Masala Hot Sauce,No,Hot Sauce
Pain is Good REAPER-ACHA Hot Sauce,No,Hot Sauce
Passout Habanero Head Mash Hot Sauce,No,Hot Sauce
Peach N' Pepper Hot Sauce,No,Hot Sauce
PETA Garlic Habanero Hot Sauce,No,Hot Sauce
Pickapeppa Gingery Mango Sauce,No,Hot Sauce
Pickapeppa Hot Mango Hot Sauce,No,Hot Sauce
Pickapeppa Original Hot Sauce,No,Hot Sauce
Pickapeppa Spicy Mango Hot Sauce,No,Hot Sauce
Pirates Blend Caribbean Condiment Hot Sauce,No,Hot Sauce
Pirates Blend Garbanero Sauce,No,Hot Sauce
Pirates Blend Garlapeno Sauce,No,Hot Sauce
Pittsburg Sucks Hot Sauce,No,Hot Sauce
Pleasure and Pain XXX Rated Hot Sauce,No,Hot Sauce
Poots Hot Peppa Sauce,No,Hot Sauce
President Trump's DEPLORABLE Habanero Hot Sauce,No,Hot Sauce
President Trump's Make America Hot Again Habanero Hot Sauce,No,Hot Sauce
Pucker Butt Purgatory,No,Hot Sauce
Mountain Man Garlic Hot Sauce,No,Hot Sauce
"Mountainman Corn, Garlic, & Chipotle Hot Sauce",No,Hot Sauce
Mountainman Fire Roasted Habanero Hot Sauce,No,Hot Sauce
Mr. Blister's Garlic Extreme Hot Sauce,No,Hot Sauce
Naughty Christmas Hot Sauce,No,Hot Sauce
Nice Christmas Hot Sauce,No,Hot Sauce
No Shit This is Hot Sauce,No,Hot Sauce
North Carolina Hot Sauce,No,Hot Sauce
Nuckin' Futs Hot Sauce,No,Hot Sauce
Ole Fart Hot Sauce,No,Hot Sauce
One Fuckin' Drop at a Time Hot Sauce,No,Hot Sauce
Orange Krush Hot Sauce,No,Hot Sauce
PAIN 100% Hot Sauce,No,Hot Sauce
Pain is Good Batch #114 Jamaican Hot Sauce,No,Hot Sauce
Pain is Good Batch #218 Louisiana Style Hot Sauce,No,Hot Sauce
Pain is Good Batch #37 Garlic Hot Sauce,No,Hot Sauce
Pain is Good Ghost-Ujang Hot Sauce,No,Hot Sauce
Pain is Good Gochujang Hot Sauce,No,Hot Sauce
Anchor Bar Extreme Heat Buffalo Wing Sauce,No,Spicy Product
Anchor Bar Honey Barbecue Buffalo Wing Sauce,No,Spicy Product
Anchor Bar Hotter Buffalo Wing Sauce,No,Spicy Product
Anchor Bar Medium (Original) Buffalo Wing Sauce,No,Spicy Product
Ass Kickin' Chicken Wing Sauce,No,Spicy Product
Bone Suckin' Garlic and Honey Wing Sauce,No,Spicy Product
Bone Suckin' Honey & Habanero Wing Sauce,No,Spicy Product
Discontinued: Wing-Time Garlic Buffalo Wing Sauce,No,Spicy Product
Discontinued: Wing-Time Hot Buffalo Wing Sauce,No,Spicy Product
Discontinued: Wing-Time Medium Buffalo Wing Sauce,No,Spicy Product
Discontinued: Wing-Time Mild Buffalo Wing Sauce,No,Spicy Product
Discontinued: Wing-Time Super Hot Buffalo Wing Sauce,No,Spicy Product
Historic Lynchburg Tennessee Whiskey Wild & Wicked Tipsy Wing Sauce,No,Spicy Product
Pain is Good Batch #37 Honey Habanero Screamin' Wing Sauce,No,Spicy Product
Pappy's Buffalo Wing Sauce,No,Spicy Product
Red Ghost Blistering Heat Ghost Wing Sauce,No,Spicy Product
Red Ghost Buffalo Garlic Ghost Wing Sauce,No,Spicy Product
Red Ghost Honey BBQ Ghost Wing Sauce,No,Spicy Product
Smack My Ass and Call Me Sally Bangin Chicken Wing Sauce,No,Spicy Product
Ass Kickin' Steak Sauce,No,Spicy Product
Dave's Gourmet Steak Sauce,No,Spicy Product
Historic Lynchburg Tennessee Whiskey WorcesterFIRE Steak Sauce,No,Spicy Product
Marie Sharp's Exotic Steak Sauce,No,Spicy Product
Tamarindo Bay Steak Sauce,No,Spicy Product
Bone Suckin' Yaki Sauce,No,Spicy Product
Ole Ray's Gourmet Sloppy Sauce,No,Spicy Product
Stubb's Beef Marinade,No,Spicy Product
Stubb's Chicken Marinade,No,Spicy Product
Stubb's Dr. Pepper Anytime Sauce,No,Spicy Product
Stubb's Hatch Chile Anytime Sauce,No,Spicy Product
Stubb's Hickory Liquid Smoke,No,Spicy Product
Stubb's Mesquite Liquid Smoke,No,Spicy Product
Stubb's Moppin' Sauce,No,Spicy Product
Stubb's Pork Marinade,No,Spicy Product
Tobago Keys Peruvian Gold Grilling Sauce,No,Spicy Product
Walkerswood Jamaican Jerk Marinade,No,Spicy Product
Bone Suckin' Mustard,No,Spicy Product
Gator Hammock Swamp Mustard,No,Spicy Product
Historic Lynchburg Tennessee Whiskey Habanero Pepper Ketchup,No,Spicy Product
Historic Lynchburg Tennessee Whiskey Jalapeno Pepper Ketchup,No,Spicy Product
Historic Lynchburg Tennessee Whiskey Spiced Curry Ketchup,No,Spicy Product
Melinda's Black Pepper Ketchup,No,Spicy Product
Melinda's Chipotle Ketchup,No,Spicy Product
Melinda's Habanero Ketchup,No,Spicy Product
Melinda's Jalapeno Ketchup,No,Spicy Product
Melinda's Naga Jolokia Ketchup,No,Spicy Product
Ring of Fire Spicy Mustard,No,Spicy Product
Slappin' Fat Bacon Ketchup,No,Spicy Product
Torchbearer Honey Mustard Sauce,No,Spicy Product
Aw Shit Seasoning,No,Spicy Product
Bad Byron's Butt Rub Barbecue Seasoning - 24oz.,No,Spicy Product
Bad Byron's Butt Rub Barbecue Seasoning - 4.5oz.,No,Spicy Product
Bone Suckin' Cajun Seasoning & Rub,No,Spicy Product
Bone Suckin' Hot Seasoning & Rub,No,Spicy Product
Bone Suckin' Sauce Poultry Seasoning & Rub,No,Spicy Product
Bone Suckin' Sauce Seasoning & Rub,No,Spicy Product
Bone Suckin' Seafood Seasoning & Rub,No,Spicy Product
Bone Suckin' Steak Seasoning & Rub,No,Spicy Product
BourbonQ Hottest Ride in Town Barbecue Rub,No,Spicy Product
BourbonQ Moonshine Madness Barbecue Rub,No,Spicy Product
BourbonQ Rub for Sissies,No,Spicy Product
BourbonQ XXX White Lightnin Barbecue Rub ,No,Spicy Product
Bravado Spice Co. Crimson Tex-Cajun Seasoning,No,Spicy Product
Bravado Spice Co. Jalapeno & Garlic Seasoning,No,Spicy Product
Bull Shit Seasoning,No,Spicy Product
Chicken Shit Poultry Seasoning,No,Spicy Product
Alligator Bayou Premium BBQ Sauce,No,Spicy Product
American Style BBQ Beef Barbecue Sauce,No,Spicy Product
American Style BBQ Chicken Barbecue Sauce,No,Spicy Product
American Style BBQ Pork Barbecue Sauce,No,Spicy Product
Bone Suckin' Hot Barbecue Sauce,No,Spicy Product
Brew-B-Que IPA Barbecue Sauce,No,Spicy Product
Bone Suckin' Hot Thicker Style Barbecue Sauce,No,Spicy Product
Bone Suckin' Original Barbecue Sauce,No,Spicy Product
Bone Suckin' Thicker Style Barbecue Sauce,No,Spicy Product
Brew-B-Que Lager Barbecue Sauce,No,Spicy Product
BourbonQ Barrel Select BBQ Sauce,No,Spicy Product
BourbonQ Classic BBQ Sauce,No,Spicy Product
BourbonQ Distiller's Choice BBQ Sauce,No,Spicy Product
BourbonQ Gold Reserve BBQ Sauce,No,Spicy Product
Stubb's Wicked Habanero Pepper Wing Sauce,No,Spicy Product
Torchbearer Son of Zombie Wing Sauce,No,Spicy Product
Key West Key Lime Seasoning,No,Spicy Product
Marie Sharp's Belizean Season All,No,Spicy Product
No Shit Salt Free Seasoning,No,Spicy Product
Ole Ray's Rubb It,No,Spicy Product
PETA Barbecue Seasoning,No,Spicy Product
Scorpion Pepper Powder,No,Spicy Product
Slap Ya Mama Cajun Fish Fry,No,Spicy Product
Slap Ya Mama Hot Cajun Seasoning - 4oz.,No,Spicy Product
Slap Ya Mama Hot Cajun Seasoning - 8oz.,No,Spicy Product
Slap Ya Mama Original Cajun Seasoning - 4oz.,No,Spicy Product
Slap Ya Mama Original Cajun Seasoning - 8oz.,No,Spicy Product
Slap Ya Mama Seafood Boil,No,Spicy Product
Slap Ya Mama White Pepper Blend Cajun Seasoning - 8oz.,No,Spicy Product
Special Shit Seasoning,No,Spicy Product
Stubb's Bar-B-Q Rub,No,Spicy Product
Stubb's Chicken Rub,No,Spicy Product
Stubb's Pork Rub,No,Spicy Product
Stubb's Dr.Pepper Bar-B-Q Sauce,No,Spicy Product
Stubb's Hickory Bourbon Bar-B-Q Sauce,No,Spicy Product
Stubb's Original Bar-B-Q Sauce,No,Spicy Product
Stubb's Smokey Mesquite Bar-B-Q Sauce,No,Spicy Product
Stubb's Spicy Bar-B-Q Sauce,No,Spicy Product
Stubb's Sweet Heat Bar-B-Q Sauce,No,Spicy Product
Stubb's Sweet Honey N Spice  Bar-B-Q Sauce,No,Spicy Product
Torchbearer Carolina-Style BBQ Sauce,No,Spicy Product
Torchbearer Chipotle BBQ Sauce,No,Spicy Product
Torchbearer Pineapple Papaya BBQ Sauce,No,Spicy Product
Virginia Gentleman Bourbon Barbecue Sauce,No,Spicy Product
Gator Hammock Gator Done,Yes,Spicy Product
Gator Hammock Gator Sprinkle,Yes,Spicy Product
Ghost Pepper Powder,Yes,Spicy Product
Dried Ghost Chili Pods,Yes,Spicy Product
Dried Scorpion Pepper Pods,Yes,Spicy Product
Enjoy Cock Rub Seasoning,Yes,Spicy Product
Gator Hammock Cooter Rub,Yes,Spicy Product
Good Shit Seasoning,Yes,Spicy Product
Habanero Seasoning from Hell,Yes,Spicy Product
Historic Lynchburg Tennessee Whiskey All Purpose Seasoned Salt,Yes,Spicy Product
Historic Lynchburg Tennessee Whiskey Barbecue Seasoning & Rub,Yes,Spicy Product
Historic Lynchburg Tennessee Whiskey Cajun Blackening Spice & Seasoning,Yes,Spicy Product
Historic Lynchburg Tennessee Whiskey Chop House Seasoning,Yes,Spicy Product
Historic Lynchburg Tennessee Whiskey Cinnamon Chipotle Seasoning & Rub,Yes,Spicy Product
Historic Lynchburg Tennessee Whiskey Gobblin' Good Turkey Rub,Yes,Spicy Product
Historic Lynchburg Tennessee Whiskey Lemon Pepper & Herb Seasoning,Yes,Spicy Product
Historic Lynchburg Tennessee Whiskey Steak & Burger Seasoning,Yes,Spicy Product
Historic Lynchburg Tennessee Whiskey Venison & Wild Game Seasoning & Rub,Yes,Spicy Product
I Like Pig Butts Barbecue Rub,Yes,Spicy Product
Not Made In China Barbecue and Dipping Sauce,Yes,Spicy Product
JohnBoy and Billy's Original Grillin' Sauce,Yes,Spicy Product
Kentucky Straight Bacon Bourbon Barbecue Sauce,Yes,Spicy Product
Kentucky Straight Bourbon Barbecue Sauce,Yes,Spicy Product
Key West Key Lime Barbecue Sauce,Yes,Spicy Product
Ole Ray's Apple Cinnamon BBQ Sauce,Yes,Spicy Product
Ole Ray's Blackberry Wine Barbecue and Cooking Sauce,Yes,Spicy Product
Ole Ray's Classic Gold Barbecue and Cooking Sauce,Yes,Spicy Product
Ole Ray's Kentucky Gold Bourbon Barbecue Sauce,Yes,Spicy Product
Ole Ray's Kentucky Red Bourbon Barbecue Sauce,Yes,Spicy Product
Ole Ray's Peach-A-Licious Barbecue Sauce,Yes,Spicy Product
Ole Ray's Pork-A-Licious Barbecue Sauce,Yes,Spicy Product
Ole Ray's Red Delicious Apple Bourbon Barbecue and Cooking Sauce,Yes,Spicy Product
Pappy's Hottest Ride in Town Barbecue Sauce,Yes,Spicy Product
Pappy's Moonshine Madness Barbecue Sauce,Yes,Spicy Product
Pappy's Sauce for Sissies Barbecue Sauce,Yes,Spicy Product
Pappy's XXX White Lightnin' Barbecue Sauce,Yes,Spicy Product
Peach N' Pepper Grilling Sauce,Yes,Spicy Product
PETA Barbecue Sauce,Yes,Spicy Product
Chicks Dig Me Mango Chipotle Grilling Sauce,Yes,Spicy Product
Enjoy Cock Barbecue Sauce,Yes,Spicy Product
Fighting Cock Kentucky Bourbon Barbecue Sauce,Yes,Spicy Product
Gator Hammock Bull Gator Barbecue Sauce,Yes,Spicy Product
Gator Hammock Gator Que Barbecue Sauce,Yes,Spicy Product
Gator Hammock Hog Wallow Barbecue Sauce,Yes,Spicy Product
Habanero BBQ Sauce from Hell,Yes,Spicy Product
High River Sauces Rattler BBQ Sauce,Yes,Spicy Product
"Historic Lynchburg Tennessee Whiskey ""Diabetic Friendly"" Gourmet Deli & Grillin' Sauce - HOT",Yes,Spicy Product
"Historic Lynchburg Tennessee Whiskey ""Diabetic Friendly"" Gourmet Deli & Grillin' Sauce - MILD",Yes,Spicy Product
Historic Lynchburg Tennessee Whiskey Apple Cinnamon BBQ Sauce,Yes,Spicy Product
Historic Lynchburg Tennessee Whiskey Balsamic BBQ Sauce and Glaze,Yes,Spicy Product
Historic Lynchburg Tennessee Whiskey Fiery Hot Barbecue Sauce 151 'Poof',Yes,Spicy Product
Historic Lynchburg Tennessee Whiskey Hickory Smoked Barbecue Sauce,Yes,Spicy Product
Historic Lynchburg Tennessee Whiskey Hot and Spicy Barbecue Sauce 100 'Poof',Yes,Spicy Product
Historic Lynchburg Tennessee Whiskey Sweet & Mild Barbecue Sauce 86 'Poof',Yes,Spicy Product
Historic Lynchburg Tennessee Whiskey Swineapple Rib Glaze & BBQ Sauce,Yes,Spicy Product
Historic Lynchburg Tennessee Whiskey Tipsy BBQ & Bean Sauce,Yes,Spicy Product
I like Pig Butts Sweet Barbecue Sauce,Yes,Spicy Product
I Like Pig Butts Tangy Barbecue Sauce,Yes,Spicy Product
